Jurisdiction,Calendar / Agenda Link
Allegany County,https://www.alleganygov.org/454/Agendas-Minutes
Anne Arundel County,https://www.aacounty.org/county-council/meetings
Baltimore City,https://baltimore.legistar.com/Calendar.aspx
Baltimore County,https://countycouncil.baltimorecountymd.gov/legislative-session-agendas/
Calvert County,https://www.calvertcountymd.gov/AgendaCenter
Caroline County,https://www.carolinemd.org/AgendaCenter
Carroll County,https://www.carrollcountymd.gov/government/upcoming-meetings-agendas-and-public-hearings/
Cecil County,https://www.cecilcountymd.gov/129/Agendas-Minutes
Charles County,https://www.charlescountymd.gov/government/board-of-charles-county-commissioners
Dorchester County,https://dorchestercountymd.com/county-council/
Frederick County,https://www.frederickcountymd.gov/calendar.aspx?CID=80
Garrett County,https://www.garrettcounty.org/commissioners/meetings
Harford County,https://www.harfordcountymd.gov/221/County-Council
Howard County,https://cc.howardcountymd.gov/Meetings-Events
Kent County,https://www.kentcounty.com/commissioners/meeting-agenda
Montgomery County,https://www.montgomerycountymd.gov/COUNCIL/calendar.html
Prince George's County,https://princegeorgescountymd.legistar.com/Calendar.aspx
Queen Anne's County,https://www.qac.org/AgendaCenter
Somerset County,https://www.somersetmd.us/commissioners/agendas.html
St. Mary's County,https://www.stmaryscountymd.gov/bocc/
Talbot County,https://talbotcountymd.gov/About-Us/County_Council/agendas/
Washington County,https://www.washco-md.net/county-commissioners/bocc-agendas-and-minutes/
Wicomico County,https://www.wicomicocounty.org/AgendaCenter
Worcester County,https://co.worcester.md.us/commissioners/agendas
